J.S.Bach	Invention 1	bach-invention-01
J.S.Bach	Invention 2	bach-invention-02
J.S.Bach	Invention 3	bach-invention-03
J.S.Bach	Invention 4	bach-invention-04
J.S.Bach	Invention 5	bach-invention-05
J.S.Bach	Invention 6	bach-invention-06
J.S.Bach	Invention 7	bach-invention-07
J.S.Bach	Invention 8	bach-invention-08
J.S.Bach	Invention 9	bach-invention-09
J.S.Bach	Invention 10	bach-invention-10
J.S.Bach	Invention 11	bach-invention-11
J.S.Bach	Invention 12	bach-invention-12
J.S.Bach	Invention 13	bach-invention-13
J.S.Bach	Invention 14	bach-invention-14
J.S.Bach	Invention 15	bach-invention-15
J.S.Bach	Sinfonia 1	bwv787
J.S.Bach	Sinfonia 2	bwv788
J.S.Bach	Sinfonia 3	bwv789
J.S.Bach	Sinfonia 4	bwv790
J.S.Bach	Sinfonia 5	bwv791
J.S.Bach	Sinfonia 6	bwv792
J.S.Bach	Sinfonia 7	bwv793
J.S.Bach	Sinfonia 8	bwv794
J.S.Bach	Sinfonia 9	bwv795
J.S.Bach	Sinfonia 10	bwv796
J.S.Bach	Sinfonia 11	bwv797
J.S.Bach	Sinfonia 12	bwv798
J.S.Bach	Sinfonia 13	bwv799
J.S.Bach	Sinfonia 14	bwv800
J.S.Bach	Sinfonia 15	bwv801
L.V.Beethoven	Sonata No. 1 (1st Movement: Allegro)	LVB_Sonate_02no1_1
L.V.Beethoven	Sonata No. 1 (2nd Movement: Adagio)	LVB_Sonate_02no1_2
L.V.Beethoven	Sonata No. 1 (3rd Movement: Allegretto)	LVB_Sonate_02no1_3
L.V.Beethoven	Sonata No. 1 (4th Movement: Prestissimo)	LVB_Sonate_02no1_4
L.V.Beethoven	Sonata No. 5 (1st Movement: Allegro molto e con brio)	LVB_Sonate_10no1_1
L.V.Beethoven	Sonata No. 5 (3rd Movement: Prestissimo)	LVB_Sonate_10no1_3
L.V.Beethoven	Sonata No. 6 (1st Movement: Allegro)	lvb_sonate_10no2_1
L.V.Beethoven	Sonata No. 6 (2nd Movement: Allegretto)	lvb_sonate_10no2_2
L.V.Beethoven	Sonata No. 6 (3rd Movement: Presto)	lvb_sonate_10no2_3
L.V.Beethoven	"Sonata No. 8 “Pathétique” (1st Movement: Grave, Allegro molto e con brio)"	pathetique-1
L.V.Beethoven	Sonata No. 8 “Pathétique” (2nd Movement: Adagio cantabile)	pathetique-2
L.V.Beethoven	Sonata No. 8 “Pathétique” (3rd Movement: Rondo)	pathetique-3
L.V.Beethoven	Sonata No. 14 “Moonlight”	moonlight1
L.V.Beethoven	Sonata No. 14 “Moonlight”	moonlight2
L.V.Beethoven	Sonata No. 14 “Moonlight”	moonlight3
L.V.Beethoven	Sonata No. 17 (1st Movement: Largo - Allegro)	LVB_Sonate_31no2_1
L.V.Beethoven	Sonata No. 17 (2nd Movement: Adagio)	LVB_Sonate_31no2_2
L.V.Beethoven	Sonata No. 19 (1st Movement: Andante)	LVB_Sonate_49no1_1
L.V.Beethoven	Sonata No. 19 (2nd Movement: Rondo-Allegro)	LVB_Sonate_49no1_2
L.V.Beethoven	"Sonata No. 20 (1st Movement: Allegro, ma non troppo)"	LVB_Sonate_49no2_1
L.V.Beethoven	Sonata No. 20 (2nd Movement: Tempo di Menuetto)	LVB_Sonate_49no2_2
L.V.Beethoven	Sonata No. 23 “Appassionata” (2nd Movement: Andante con moto)	LVB_Sonate_57_2
L.V.Beethoven	"Sonata No. 23 “Appassionata” (3rd Movement: Allegro, ma non troppo - Presto)"	LVB_Sonate_57_3
L.V.Beethoven	Sonata No. 24 (1st Movement: Adagio cantabile)	LVB_Sonate_78_1
L.V.Beethoven	Sonata No. 24 (2nd Movement: Allegro vivace)	LVB_Sonate_78_2
L.V.Beethoven	Sonata No. 25 (1st Movement: Presto alla tedesca)	LVB_Sonate_79_1
L.V.Beethoven	Sonata No. 25 (2nd Movement: Andante)	LVB_Sonate_79_2
L.V.Beethoven	Sonata No. 25 (3rd Movement: Vivace)	LVB_Sonate_79_3
L.V.Beethoven	Sonata No. 27 (1st Movement: Mit Lebhaftigkeit)	LVB_Sonate_90_1
L.V.Beethoven	Sonata No. 27 (2nd Movement: Nicht zu geschwind)	LVB_Sonate_90_2
L.V.Beethoven	Sonata No. 32 (1st Movement)	lvb_sonate_111_1